Feature,Importance
purchase_lead,0.09282417415256904
length_of_stay,0.07285479728047721
flight_hour,0.0710510636436935
flight_duration,0.045729576152328776
booking_origin_Australia,0.04502538094924024
num_passengers,0.03441507672974199
booking_origin_Malaysia,0.03371700719311186
wants_in_flight_meals,0.020161681317866734
wants_extra_baggage,0.01778985077652114
wants_preferred_seat,0.016496640428637216
flight_period_Morning,0.01446655915955124
flight_day_Mon,0.014070141158209969
purchase_lead_category_31-90 days,0.01383212919484434
flight_day_Tue,0.013701730369659366
flight_day_Wed,0.013384385134966542
flight_day_Thu,0.013232072325276997
flight_period_Night,0.012513572821506657
flight_day_Fri,0.012421344350916373
purchase_lead_category_8-30 days,0.012340006519926764
flight_day_Sun,0.01225382113377827
flight_period_Afternoon,0.012164208683183544
flight_day_Sat,0.011805478679938577
purchase_lead_category_90+ days,0.0112708274512598
stay_category_Medium,0.01032853792452985
stay_category_Long,0.009499951621828668
purchase_lead_category_0-7 days,0.00751356778342867
booking_origin_South Korea,0.007353490109245127
booking_origin_Indonesia,0.006970313687330277
route_PENTPE,0.006493140203471876
sales_channel_Internet,0.006359342884179873
booking_origin_Japan,0.006355918981470004
sales_channel_Mobile,0.006255012813769048
route_AKLKUL,0.006251789198716709
booking_origin_China,0.0056406639316290575
booking_origin_Thailand,0.0051652024412522195
booking_origin_Taiwan,0.005096594466221914
booking_origin_Singapore,0.005065670597648263
flight_period_Evening,0.005060125875926623
stay_category_Short,0.004678427421573135
booking_origin_New Zealand,0.004126995078456709
route_ICNSIN,0.0036533889270543383
booking_origin_India,0.003569262089701703
route_ICNSYD,0.003522911066905399
route_ICNPEN,0.0034891891785795172
route_MELTPE,0.003151957840004328
route_HKTICN,0.0029450627119545327
route_MELPEN,0.0029029843096268393
booking_origin_Vietnam,0.0027058599975600204
route_BKIICN,0.002572064747261875
route_JHBKTM,0.002519413347492751
route_DPSICN,0.0024327779567888596
route_DMKKIX,0.0023740026786843406
route_HNDPEN,0.002139380322790692
route_SGNSYD,0.002064468254911791
route_ICNLGK,0.0020490847072831687
booking_origin_United States,0.002025959727821599
route_CGKHND,0.0019835985657558576
route_DMKPER,0.0019825113120317426
route_MELSGN,0.0019772710449038194
route_PENSYD,0.0019294736462250783
route_PENPER,0.001905672589102536
route_CGKKIX,0.0018566386379514769
booking_origin_Hong Kong,0.0018317469545722901
route_ICNKCH,0.0018156014325249167
booking_origin_Philippines,0.001786484308192557
route_DMKOOL,0.001784544964776743
route_CGKICN,0.001698901752227467
route_DMKSYD,0.00169525022241008
route_ICNMLE,0.0016509120920768056
route_DPSHND,0.0016408051207127618
route_OOLSGN,0.0016291749710309667
route_ICNJHB,0.0015684259879827317
route_PENPVG,0.0015683691333403505
route_DPSPVG,0.0015474901328917884
route_ICNPER,0.0015237992650776603
route_COKSYD,0.0015117094541394578
route_CMBMEL,0.00150462957358507
booking_origin_Macau,0.001494749821078737
route_KIXPEN,0.001469571091709801
route_KCHMEL,0.0014672696628063424
route_DPSKIX,0.001464005462950964
route_COKMEL,0.0014482900196687992
route_CGKMEL,0.0014380807111276188
route_MELMNL,0.0014356316527168933
route_DPSPEK,0.0014300492029023632
route_HNDSIN,0.001365341447762901
trip_type_RoundTrip,0.0013441379370973732
route_ICNMEL,0.0013413719180949137
route_CTSDMK,0.0013162152755392233
route_KIXSIN,0.0013070319829320137
route_DPSTPE,0.0012935908505923252
route_HKGMEL,0.0012872326212809912
route_PERSGN,0.0012623377181492296
route_KCHPER,0.0012565618660827205
route_HKTSYD,0.0012425156451871162
route_DMKICN,0.0012355328983009385
route_BKIMEL,0.0012254836355664728
route_KTMPEN,0.001219489278830524
route_JHBTPE,0.001199689840118622
route_HKTKIX,0.0011744175161701384
route_BKIPUS,0.0011645733997039892
route_PEKPEN,0.0011604025659049243
route_HKTOOL,0.0011596946856304968
route_DELDPS,0.0011561344177954053
route_DMKMEL,0.001142895711913332
route_HKTPER,0.0011296417185385388
route_DPSPUS,0.0011153066921220508
route_CGKSYD,0.001108938816030192
route_PUSSIN,0.001106597504626082
route_HYDSYD,0.0010930279083972174
route_KTMMFM,0.0010724404336109467
route_PERTPE,0.0010502071898792899
route_DELMEL,0.0010091690566664238
route_KCHTPE,0.0009964898276920513
route_PNHSYD,0.0009931932888045747
route_KNOTPE,0.0009863529591835356
route_PENPUS,0.0009861916341326736
route_HKTPEK,0.0009841418464213744
route_BKIPER,0.0009795183066265553
booking_origin_Cambodia,0.0009791105816041533
route_SBWTPE,0.0009604994919483606
route_OOLPEN,0.0009583122678867182
route_ICNKNO,0.0009345550613655593
booking_origin_Brunei,0.0009058663352276364
route_HNDPER,0.0008905916603764968
route_MYYPER,0.0008789542713292844
route_PERPNH,0.0008741599026141806
route_MELSBW,0.0008711182525743683
route_COKPER,0.000870702929999936
route_CGKPVG,0.0008654507984886195
route_HKGPER,0.0008592542268120307
route_BKISYD,0.0008570493153388386
booking_origin_United Kingdom,0.0008562970488418973
route_JHBPUS,0.000844220457272419
trip_type_OneWay,0.0008373339349906946
route_CGKPEK,0.0008176361986207054
route_DMKHND,0.0008077482059018271
route_MAASYD,0.0007979035571735692
route_DELSYD,0.0007854795453563811
route_CGKOOL,0.0007823417009309777
route_PEKTWU,0.000769094190309073
route_DPSHGH,0.0007622095280645508
route_BKIKIX,0.0007606669694855224
route_BKIHND,0.0007591261980884661
route_CMBSYD,0.0007556668533595473
route_HNDLGK,0.0007492919932637386
route_CCUSYD,0.0007276156717748742
route_CGKTPE,0.0007248702555904223
route_BKIOOL,0.0007223238724995978
route_ICNOOL,0.0007138231294598354
route_OOLTPE,0.0007105260866785398
route_CEBMEL,0.0007039293089871009
route_LGKTPE,0.0007038827562950629
route_HKTMEL,0.0007029735385207895
route_BKIPEK,0.0006964469429124103
route_LGKPVG,0.0006961210509586073
route_PERSBW,0.0006888096481561029
route_KCHOOL,0.0006852503124857388
route_BTUPER,0.000683119399262003
route_HKTHND,0.0006827265306978996
route_SYDTPE,0.0006741696653652262
route_MELPNH,0.0006731122351957976
route_PEKSIN,0.0006608400460472698
route_HKTTPE,0.0006593220038923863
route_HANOOL,0.0006588747343718334
route_MELPEK,0.0006417741889696518
route_KCHPEK,0.0006375536033076735
route_CNXMEL,0.0006282349801493856
route_BLRMEL,0.0006056602300224388
route_HKTPUS,0.0006019203981181538
route_CGKPUS,0.000598645644348141
route_MAAPER,0.0005921699645336866
route_CEBOOL,0.0005777923702252525
route_MNLOOL,0.0005723798653080192
route_MNLPER,0.0005671296691103316
route_KCHSYD,0.0005613790570847426
route_CTSPEN,0.0005596867881820595
route_CTUDPS,0.0005594161744629998
route_DPSMEL,0.0005549142508428876
route_MELPVG,0.0005517297334422695
route_HKGSYD,0.0005382372714328205
route_PVGSIN,0.0005329819527731044
route_BDOKIX,0.0005327638942572243
route_DMKPEK,0.0005286789318610451
route_CTUSYD,0.0005286225918602275
route_CTSSIN,0.0005251265943391606
route_REPTPE,0.0005195741851966278
route_MNLSYD,0.0005187931961069145
route_MAAMEL,0.0005173210615347516
route_HNDMEL,0.0005172682479403812
route_HYDPER,0.0005138117303529039
route_DACSYD,0.0005137226950479973
route_KIXREP,0.0005119036121568743
booking_origin_France,0.0005118867202685514
route_KIXSUB,0.0005104648979214412
route_KCHPUS,0.000510410140772856
route_ICNKBV,0.0005076651714427045
route_MELMFM,0.000506037752156504
booking_origin_Myanmar (Burma),0.0005045609363729214
route_KCHPVG,0.0005007590691117298
route_JHBMEL,0.0004959292796251474
route_KBVPVG,0.0004949625365944497
booking_origin_Germany,0.0004942058478900881
route_HNDKCH,0.0004940639932198992
route_CCUMEL,0.0004924831843786812
route_HYDMEL,0.0004924290907196727
route_DELMNL,0.00048789108913703815
route_ICNSBW,0.000485057592702088
route_PEKSYD,0.00048271609124678834
route_MAATPE,0.00048200511308541997
booking_origin_(not set),0.00047417460687473905
route_HNDSUB,0.00047148455812453464
route_CGKPER,0.00046894191041413585
route_BDOMEL,0.0004682318648663659
route_MELTRZ,0.00046822752443809976
route_BKICTS,0.00046769695650757955
route_HNDREP,0.0004656453935557617
route_KBVPEK,0.0004651146377329342
route_ICNKBR,0.0004630149382453659
route_LGKPUS,0.00046193346547697753
route_JHBKIX,0.00045487145007852347
route_CTUPEN,0.00045246431574367694
route_MELSIN,0.0004480347217333541
route_HKGOOL,0.00044727923976074974
booking_origin_Saudi Arabia,0.00044457363111515517
route_BLRSYD,0.00043886252510163984
route_HKTPVG,0.0004377279326820714
route_KNOSYD,0.00043137160350994
route_DMKTPE,0.0004305010658108953
route_KIXRGN,0.0004303931218002142
route_CNXOOL,0.00042635568858826644
route_KIXSGN,0.00042566909074631454
route_OOLPNH,0.0004241421390694517
route_ICNMYY,0.00042357111233827754
route_CGKDEL,0.00041950792133940614
route_TGGTPE,0.000411596014095034
route_CANPER,0.0004055294199066216
route_COKOOL,0.0004051369513304228
route_CMBOOL,0.00040511266198848986
route_HANSYD,0.000403675759917747
route_PVGSYD,0.0004008733379883537
route_KIXPER,0.00040081622264656147
route_PVGSUB,0.0003938436287231666
route_KCHKIX,0.0003895899328899468
route_SYDTRZ,0.00038946023777393005
route_CNXKIX,0.00038827467840303696
route_DADMEL,0.00038686135845807335
route_JHBPVG,0.0003844078248747373
route_LGKPER,0.0003812453776341896
route_CNXPER,0.0003801884455017862
route_DMKPUS,0.00037865787309075645
route_CMBKIX,0.0003777882014217822
route_BDOSYD,0.00037561991870311943
route_JHBPEK,0.00037529693524967
route_CRKOOL,0.00037406092012471715
route_BDOICN,0.0003730263359521543
route_HANPER,0.0003728028959625293
route_AORMEL,0.00037125044888969256
route_LGKPEK,0.00036550944833146616
route_DPSSYD,0.0003652526534040543
route_PVGTWU,0.0003647309072704827
route_CGKKTM,0.0003638087775709994
route_CGKCTS,0.0003637410042587894
route_CTUTWU,0.00036188947633854836
route_CNXHND,0.00035835225653475566
route_CANSYD,0.00035288848646662543
route_DELSIN,0.000347176954273546
route_HGHHKT,0.0003464140951255142
route_CNXSYD,0.0003457428471225564
route_DELPER,0.0003450174817072041
booking_origin_Italy,0.0003436660647679925
route_KNOPEK,0.000341946008150006
route_PERPVG,0.0003418809100907997
route_CMBPER,0.00033541711950799174
route_PEKSBW,0.0003345723354969232
route_ICNSUB,0.0003296472711041895
route_KBRMEL,0.00032906611611041396
route_CTUHKT,0.00032656581874455253
route_JOGKIX,0.00031902285497779903
route_KNOPVG,0.0003175948889032271
route_JOGSYD,0.0003131968347033307
route_PEKTGG,0.00031089263905643494
route_HGHPEN,0.00030922474801913007
booking_origin_Canada,0.0003074978686897632
route_PERPUS,0.00030618865996017846
route_LGKSYD,0.00030593155001138513
route_HNDKNO,0.00030424694016241064
route_JOGTPE,0.0003033530492711452
route_BLRPER,0.0003016860959989201
route_SINSYD,0.0002957720545480455
route_KTMSIN,0.0002942551844530545
route_BKICTU,0.0002931638780556027
booking_origin_Mauritius,0.0002930756078135553
route_DADOOL,0.0002928200578706692
route_KIXPNH,0.0002917210211986168
route_PERTRZ,0.0002916812271625251
route_BWNPER,0.0002906235006897828
route_KIXMEL,0.0002887490111524737
route_KIXLGK,0.0002883352852315614
route_OOLSZX,0.0002871956096963091
route_KIXKNO,0.0002870556451062007
route_HNDSGN,0.0002864331486240391
route_CTUKCH,0.00028625095021621056
route_BKIPVG,0.0002804182747186824
route_HGHMEL,0.0002801274146705294
route_JOGPVG,0.00027836345165704077
route_DPSXIY,0.0002772753438671282
route_HNDRGN,0.00027584586089442333
route_COKHGH,0.0002750013609124598
route_KNOOOL,0.0002726866861418239
route_AKLICN,0.0002712072829343583
route_MAAOOL,0.00027100409294246165
booking_origin_Sri Lanka,0.00027033478086010737
route_KIXSYD,0.00026999357110063646
route_CNXTPE,0.0002685417391510866
route_MRUSYD,0.00026852492821132667
route_HANMEL,0.00026817796683346743
route_MELMYY,0.0002659743805101143
route_CTSDPS,0.000265774850893044
route_OOLTRZ,0.00026326366962976187
route_MFMPER,0.0002631808825265971
route_PUSSYD,0.00025666504553755625
booking_origin_United Arab Emirates,0.00025639070987592297
booking_origin_Laos,0.0002556616841156777
route_CTUSIN,0.0002529673520739776
route_OOLRGN,0.0002520290366422593
trip_type_CircleTrip,0.0002499528721872392
route_COKKIX,0.0002482324219155601
route_LBUPER,0.00024700609866399036
route_LOPPVG,0.00024700582172204486
route_BWNTPE,0.0002466270675084714
route_KBVPER,0.00024505962588075624
route_MYYSYD,0.0002450401985596122
booking_origin_Nepal,0.0002448056624925582
route_BTUICN,0.00024395676312669701
route_BWNCKG,0.00024137623685544798
route_MELVTZ,0.00024091527528471288
route_HGHTRZ,0.000240874338208746
route_KIXOOL,0.00023866903436533518
route_HDYOOL,0.00023820998283279618
route_CMBPEK,0.00023717123999356457
route_PEKSUB,0.0002327422936239571
route_MYYOOL,0.00023079060373305986
route_OOLSIN,0.00023054133293002886
route_LOPTPE,0.00023027074623749888
route_MELRGN,0.00022904776167804577
route_KBRTPE,0.00022886995453636052
route_JHBSYD,0.00022865868102994592
route_CMBPVG,0.00022841972820978416
route_HGHSUB,0.00022792321751989003
route_PENXIY,0.00022661574844770943
route_HNDPNH,0.00022659565923777177
route_OOLREP,0.00022553796003638784
route_GOIMEL,0.00022402135407504178
route_KIXMLE,0.00022246818272773943
route_MRUPEK,0.00022207141354897486
route_MLETPE,0.00022131549447094946
route_HKTWUH,0.0002184207140811873
route_HGHPER,0.00021658332078377084
route_CGKHGH,0.00021636564730959155
route_KNOPUS,0.00021568087031224902
route_BDOHGH,0.00021496605423897345
route_AORICN,0.00021225594100645706
route_AKLTPE,0.00020945278508987131
route_SUBTPE,0.0002084423158229587
booking_origin_Netherlands,0.0002081981868887919
route_HGHOOL,0.00020629861592963121
route_DMKMRU,0.00020580479088594622
route_DMKPVG,0.00020551014366175217
route_KBRPER,0.00020517815093413507
route_OOLVTE,0.00020362787635522958
route_HNDSBW,0.00020291936860369244
route_IKASIN,0.000202699835358416
route_OOLPVG,0.00020170813296012177
route_IKASYD,0.0002008287170243542
route_CNXPEK,0.000198667949663397
route_DELPEN,0.00019685352366538623
route_BDOPVG,0.00019451053179127072
route_DMKIKA,0.00019276720195455
route_DACMEL,0.00019234898263484297
route_ICNMAA,0.00019120776488117368
route_DELSGN,0.00019096623207512454
route_MELMRU,0.00018904512531484614
route_DPSWUH,0.000187219862996619
booking_origin_Russia,0.00018381750355897438
route_PUSTRZ,0.00018199959478799361
route_MELSUB,0.00018145165894285127
route_OOLSBW,0.00018105591268605516
booking_origin_Qatar,0.00017951921826155634
route_PEKTRZ,0.00017889754403152674
route_HGHKCH,0.00017773744251823204
route_KIXLOP,0.00017648037030841524
route_CTUMEL,0.00017638120917488486
route_CTSJHB,0.00017575905952268856
route_KIXSBW,0.00017446043573589464
route_HGHSYD,0.0001732240550722506
route_HGHJOG,0.00017276739013443623
route_LGKMEL,0.00017248741160929697
route_MFMOOL,0.0001712855863455603
route_COKICN,0.00017119000809890197
booking_origin_Switzerland,0.00017108585592897168
route_AORKIX,0.0001705157308672013
route_SINTPE,0.00016988667480432538
route_CTUTGG,0.00016793641513673818
route_HNDTRZ,0.0001671575379321437
route_BWNKTM,0.00016712897010601435
route_JOGMEL,0.00016648114879442677
route_CGKCTU,0.00016530489894677188
route_BBISYD,0.00016476900819620882
route_KIXMYY,0.0001639006556622416
route_CTSOOL,0.00016217124190120218
route_CTSSGN,0.00015836611098069095
route_JHBXIY,0.00015451731671644797
route_HNDJOG,0.00015422166130175496
route_HDYPER,0.00015328192546305324
route_MELTGG,0.00015320288569015014
booking_origin_Sweden,0.00015242721061748155
route_KNOPER,0.00015074524510301162
route_SINWUH,0.00015036911757649866
route_ICNTGG,0.00014944039692149885
route_SINXIY,0.0001488042012502446
route_HYDOOL,0.00014769713575215528
route_BKIXIY,0.00014748005414223344
route_KBVKIX,0.00014655793022349463
route_MYYPUS,0.00014570748094758364
route_MELREP,0.00014569315229108931
route_MRUSIN,0.00014497841012958303
route_KCHXIY,0.00014472316942038533
route_HNDSYD,0.00014328939856074526
route_CCUTPE,0.00014264776501972628
route_CTUOOL,0.00014222896808363726
route_HGHLGK,0.000141288773917094
route_OOLPUS,0.00014047465407635332
route_DPSKTM,0.00014000532125561663
route_CTSPER,0.00013952629395845388
route_KBRKIX,0.00013813675542522554
route_LOPPEK,0.00013773143798731353
route_OOLURT,0.00013692885461526235
route_CRKMEL,0.00013636626594937755
route_CTUKBV,0.00013619425492312695
route_CNXPVG,0.00013535350535510268
route_PNHTPE,0.00013534016671559574
route_RGNSYD,0.00013376888067868111
route_TPETRZ,0.00013338435814288732
route_CMBHND,0.00013337922897099913
route_CTULGK,0.00013318163917218787
route_KNOMEL,0.00013208806497894842
route_SYDSZX,0.00013058629354662624
booking_origin_Spain,0.0001299225111062754
route_CGKXIY,0.00012952205273647648
route_KTMMEL,0.00012857453011707316
booking_origin_Bangladesh,0.00012855304452106156
route_IKAOOL,0.00012741151170971753
route_CGKIKA,0.00012682750227454843
booking_origin_Denmark,0.00012674252568475883
route_CTSSYD,0.00012500395123597285
route_PEKPER,0.00012391263764857378
route_SUBXIY,0.0001231826342177034
route_CMBICN,0.00012296292715790008
route_PERSDK,0.00012287697681497502
route_CNXICN,0.00012244888196867031
route_KBRPEK,0.0001221293659206882
route_HKTXIY,0.00012209853036896986
route_CGKJED,0.0001216176067582801
route_KTMPER,0.00012058588491829637
route_LPQPER,0.0001168188478591892
route_AKLPEK,0.00011597963003639413
route_COKCTU,0.0001158326823503978
route_HGHTGG,0.00011568409959152535
route_CTSKCH,0.00011493491327608137
route_HNDKBV,0.00011415105933675658
route_KBRSYD,0.00011270225648926709
route_CTUJHB,0.00011259817917759253
route_PEKREP,0.00011222939404155585
route_GOIOOL,0.00011199212254251374
route_KBRPUS,0.00011179323605174309
route_KLOMEL,0.00011169876208686563
route_AORKTM,0.00011165471570093328
route_CANOOL,0.00011094705385653762
route_PNKTPE,0.0001108458869013926
route_DMKHGH,0.00011042578639174019
route_ICNVTZ,0.00011036071234244399
route_CCUOOL,0.00011009292589137044
route_KIXMAA,0.00010885672417855615
route_KTMSGN,0.00010846796203435203
route_CKGDPS,0.00010819741935603542
route_MELPUS,0.00010758953559058686
route_ICNTRZ,0.00010727558873449194
route_SDKSYD,0.00010726654766418866
route_KIXTGG,0.00010723529045911974
route_IKAMEL,0.00010686789152479987
route_KBROOL,0.00010378338273939132
route_HNDKBR,0.00010354951563390816
route_KIXLPQ,0.0001030256061826177
route_HGHSIN,0.0001023805160056407
route_CGKCKG,0.00010020791466416338
route_JHBMRU,9.869019121855474e-05
route_DELLGK,9.738007949373114e-05
route_KBVOOL,9.715858606094063e-05
route_DELPNH,9.710073184069529e-05
route_HGHSBW,9.708729273654078e-05
route_REPSYD,9.641326739849656e-05
booking_origin_Kuwait,9.621058552024152e-05
route_BDOPER,9.598668244494498e-05
route_CANMRU,9.549448325911045e-05
route_COKTPE,9.489547236564448e-05
route_MLEPER,9.485809015153125e-05
route_PERSIN,9.479932233227235e-05
route_CKGKCH,9.384537780345717e-05
route_HGHTWU,9.367222057162982e-05
route_DELSUB,9.262860217667832e-05
route_HDYPEK,9.123607432555497e-05
route_CKGPEN,9.0984241724267e-05
route_SYDVTE,8.876048139955547e-05
route_CTSSBW,8.844176941047294e-05
route_GOIKUL,8.800812647360107e-05
route_BWNMEL,8.700342761535423e-05
route_HGHKNO,8.69271362926866e-05
route_ICNRGN,8.691560962092062e-05
route_DELHND,8.64736399158688e-05
route_RGNTPE,8.548577426002676e-05
route_DELJHB,8.484785139077897e-05
booking_origin_Norway,8.415161699043159e-05
route_BDOTPE,8.366886477190845e-05
route_KTMTGG,8.366819078473629e-05
route_BDOOOL,8.319866422337675e-05
route_JOGOOL,8.308063041793245e-05
route_PERVTZ,8.301848284528045e-05
route_PUSSUB,8.276605225501043e-05
booking_origin_Bahrain,8.276046106059545e-05
route_DACPER,8.265868424814245e-05
route_MELNRT,8.242095942593905e-05
route_MRUPVG,8.059341184560809e-05
route_CTSMYY,8.040881348077563e-05
route_JHBOOL,8.023547072199538e-05
route_KTMTPE,7.926527400494641e-05
booking_origin_Réunion,7.906370261245887e-05
route_PERRGN,7.885861362942848e-05
route_CTSHKT,7.811337049517674e-05
route_KNOXIY,7.784528893107393e-05
route_PERSZX,7.760866449876795e-05
route_SRGTPE,7.662956690989782e-05
route_CTUURT,7.637210739582016e-05
route_PVGSGN,7.59254385568425e-05
route_CEBSYD,7.578471874499063e-05
route_BWNDEL,7.511927570269082e-05
route_DPSOOL,7.489368263800403e-05
route_DADSYD,7.463611037293006e-05
route_BDOPEK,7.46187031818063e-05
route_DMKKTM,7.457775377922562e-05
route_SBWSYD,7.416473150352869e-05
route_MELMLE,7.325572837550764e-05
route_HGHJHB,7.189215573205947e-05
route_PUSSBW,7.185851895257017e-05
route_MELXIY,7.123706731449134e-05
booking_origin_Romania,7.067516684091239e-05
route_OOLPEK,7.006056066712025e-05
route_CTSSUB,6.965455559330085e-05
route_KBVTPE,6.941945556060387e-05
route_OOLSDK,6.846486673049998e-05
route_CTUSBW,6.832540196211761e-05
route_HDYPVG,6.768823761565969e-05
route_TRZWUH,6.680086594286361e-05
route_BWNOOL,6.676050595476061e-05
route_JEDSUB,6.672463488171378e-05
route_MRUPEN,6.625655324073423e-05
booking_origin_Kazakhstan,6.61495189039297e-05
route_KIXTRZ,6.611991129317087e-05
route_LPQTPE,6.508609678113727e-05
route_BKIKTM,6.498314822391932e-05
route_PVGTGG,6.417905850900483e-05
route_IKAPER,6.372979418598587e-05
route_HNDIKA,6.323299860122656e-05
route_IKAMNL,6.31982653603905e-05
booking_origin_Chile,6.214120038577679e-05
route_PERTGG,6.20854901927551e-05
route_KIXTWU,6.083427499423075e-05
route_HKGMRU,6.05767136190864e-05
route_ICNSGN,6.0453737338754864e-05
route_PERTWU,6.016796358599027e-05
route_BKICKG,6.003789553542305e-05
route_MRUSZX,5.93628086756872e-05
route_CKGTWU,5.9349310319518356e-05
route_GOIPER,5.914398871990237e-05
route_CKGMEL,5.817624000827699e-05
route_HKGKTM,5.792937625894157e-05
route_HDYSYD,5.667059143607098e-05
route_KBVSYD,5.642873278380652e-05
route_KOSSYD,5.579637890397203e-05
route_DELKNO,5.538585624630765e-05
route_HGHMAA,5.530693611718744e-05
route_DELKBV,5.525711304309054e-05
route_DELHKT,5.476722813292789e-05
route_DELHKG,5.456848277676566e-05
route_BWNSYD,5.444167412688045e-05
route_KCHKTM,5.433584763968658e-05
route_CTSLGK,5.4088724989270116e-05
route_HGHSGN,5.376540726649883e-05
route_CMBHGH,5.3178253174739275e-05
route_IKAPEN,5.281926176575382e-05
route_PERUTP,5.233344428833721e-05
route_TWUXIY,5.164438733192968e-05
route_CKGOOL,5.159465208969145e-05
route_MELTWU,5.1556766891111784e-05
route_CCUPER,5.1467668342169883e-05
booking_origin_Seychelles,5.0469459461641884e-05
route_HDYTPE,5.03644315716235e-05
route_KTMSUB,5.008204920025348e-05
route_BDOIKA,5.003259158085166e-05
route_HGHMRU,5.0028206452343424e-05
route_BTUSYD,4.9882754855279935e-05
route_HANKTM,4.980121407878936e-05
route_TGGXIY,4.9712023676264163e-05
route_CKGMYY,4.896175026485671e-05
route_PVGREP,4.893637487798276e-05
booking_origin_Greece,4.8350926426240595e-05
route_DACICN,4.740022605020103e-05
route_KBVXIY,4.7301855969950695e-05
route_CTUMAA,4.668187112842471e-05
route_CTUMYY,4.6639500541632656e-05
route_LGKOOL,4.638668744794601e-05
route_CTUTRZ,4.635631008341187e-05
route_HNDMLE,4.631041868733573e-05
route_PERXIY,4.6159258665359276e-05
route_LOPSYD,4.607927973507737e-05
route_CTSJOG,4.536537509685566e-05
route_COKPUS,4.534502957504092e-05
route_KBRPVG,4.499433000488497e-05
route_PERREP,4.463758751582661e-05
booking_origin_Oman,4.378025701566206e-05
route_CKGSIN,4.3559088295571966e-05
route_CKGTRZ,4.352321597506284e-05
route_DELOOL,4.315473745524028e-05
booking_origin_Portugal,4.272177033562906e-05
route_KBVWUH,4.266964374110267e-05
route_JOGKTM,4.245009694111436e-05
route_CKGSUB,4.2039138034485536e-05
route_SDKTPE,4.202372394814721e-05
booking_origin_Belgium,4.180850759781719e-05
route_PENWUH,4.1742074035192684e-05
route_BWNHGH,4.0708435296996e-05
route_TPETWU,4.051219247686378e-05
route_BOMSYD,4.015232227660072e-05
route_DELMRU,3.939242139375777e-05
route_DPSMRU,3.915703551869065e-05
route_HGHKBR,3.8814947538975035e-05
route_HGHKBV,3.875133831727906e-05
route_KTMSYD,3.7784718204338425e-05
route_KTMMYY,3.7530621033329344e-05
route_ICNKTM,3.7453319569739495e-05
route_JEDKNO,3.714536182633991e-05
route_PUSRGN,3.692140836122328e-05
route_DACKIX,3.683601741289169e-05
route_HKGIKA,3.617225222859626e-05
route_DELKIX,3.5855243958009394e-05
route_DELDMK,3.563190447231294e-05
route_ICNIKA,3.550253009129457e-05
booking_origin_Pakistan,3.5214448217988636e-05
booking_origin_Turkey,3.4045385284429364e-05
route_CANMEL,3.3966950829648584e-05
route_CTSKBR,3.389710679369596e-05
route_AORPUS,3.351305914240435e-05
route_CKGSBW,3.3223969060607234e-05
route_CMBCTU,3.299065353154274e-05
route_OOLTWU,3.2696105525556995e-05
route_CTUSGN,3.263524813959271e-05
route_AKLPVG,3.2466356606885227e-05
route_DACOOL,3.2425639868214914e-05
route_MLEPVG,3.2090657538745504e-05
route_KBRKTM,3.2063796324159175e-05
route_MLEPEK,3.1720711253012115e-05
route_JHBWUH,3.147226036088241e-05
route_HDYXIY,3.129588655338566e-05
route_MYYXIY,3.114379579801495e-05
route_KBVKTM,3.107188941180222e-05
route_KTMREP,3.088070900373679e-05
route_AKLDEL,3.0350297482888857e-05
route_BWNWUH,3.0224266149319242e-05
route_MAAPVG,2.987576888999747e-05
booking_origin_Czech Republic,2.9515825815951796e-05
booking_origin_Iran,2.9225384113372737e-05
route_LGKWUH,2.9145745617651252e-05
booking_origin_Kenya,2.888262981836047e-05
route_KBVPUS,2.888231262618842e-05
route_BDOCTU,2.886739514967806e-05
booking_origin_Vanuatu,2.8806469986290115e-05
route_BDOPUS,2.8722517912128613e-05
route_SBWXIY,2.7907217856769146e-05
route_BTUCKG,2.784572259925534e-05
route_KTMURT,2.7761739914579666e-05
route_TWUWUH,2.7648393554026343e-05
route_CTUMRU,2.7598615526869606e-05
booking_origin_Iraq,2.756664003866246e-05
route_CKGKNO,2.737577878252541e-05
route_CTUREP,2.728152291142596e-05
route_NRTSYD,2.7078330357647624e-05
route_KCHWUH,2.5900170588616437e-05
booking_origin_Finland,2.582688803738502e-05
route_AORPER,2.5564741652994977e-05
route_CKGSGN,2.5406080917658337e-05
route_CGKWUH,2.540111014150249e-05
route_CKGJHB,2.5134705059140873e-05
route_MRUSUB,2.4125232630490517e-05
route_CTULOP,2.3776528914084026e-05
route_TRZXIY,2.3438056226533075e-05
route_CTUMLE,2.3359929614605225e-05
route_KCHMRU,2.3351670246230306e-05
booking_origin_Mexico,2.3333506224454596e-05
route_IKATPE,2.300113800862983e-05
route_IKASZX,2.2917455233076056e-05
route_CTUSUB,2.249680528522363e-05
route_JEDPEN,2.231564276426249e-05
route_CANDEL,2.2274402594729127e-05
route_CTSKNO,2.1950188329734123e-05
route_CKGCOK,2.179063415862437e-05
route_KBVMEL,2.1786548392399448e-05
route_CGKMRU,2.1774561644254107e-05
route_PVGRGN,2.157690033852796e-05
route_IKASUB,2.153681475215498e-05
route_MAAMRU,2.1410546360161845e-05
route_BOMPER,2.127188994221915e-05
route_CTUKNO,2.123558680978981e-05
route_HGHMYY,2.1093527015800086e-05
route_KLOOOL,2.0882139690918203e-05
route_KIXLBU,2.0848599886419745e-05
booking_origin_Mongolia,2.0814517390074165e-05
route_KHHMEL,2.0692316491377947e-05
route_CKGLGK,1.9993882437591948e-05
booking_origin_Poland,1.991120799403023e-05
route_HDYMEL,1.9400852230364696e-05
route_CTUPER,1.9332526266978543e-05
booking_origin_Ireland,1.913815486121219e-05
route_BKIDEL,1.8661383999257874e-05
route_BLRICN,1.8646247206614253e-05
route_OOLUTP,1.8117509008384934e-05
route_DPSIKA,1.75507503681624e-05
booking_origin_Ukraine,1.746070709909689e-05
route_MRUOOL,1.723649323943793e-05
route_PUSSGN,1.689126342832712e-05
route_KHHPER,1.67424036056653e-05
route_HGHLOP,1.652078323015279e-05
route_AKLKIX,1.6491794559152097e-05
route_IKAPVG,1.6420662695897725e-05
route_DELMFM,1.6200566359459928e-05
booking_origin_Austria,1.5945053388296013e-05
route_HNDKTM,1.584923743922824e-05
route_SUBSYD,1.578013005114285e-05
route_KOSPEK,1.5510389658031118e-05
route_HNDOOL,1.5101231608930294e-05
route_COKWUH,1.5037185744064569e-05
route_PERSUB,1.5015910657586533e-05
booking_origin_Maldives,1.4676894399847099e-05
route_BDOCTS,1.4573800082468774e-05
route_CANIKA,1.4483727652018231e-05
route_SBWWUH,1.4435349878812725e-05
route_HDYKTM,1.4394043058658659e-05
route_CKGSYD,1.439048809187012e-05
booking_origin_New Caledonia,1.42539990390716e-05
route_AKLKTM,1.4237995943699391e-05
route_MRUPER,1.3948141721048848e-05
route_BOMMEL,1.3367430843854004e-05
route_MNLMRU,1.3332604496998843e-05
route_DELJOG,1.3186507731541188e-05
route_MLESYD,1.2904781276412274e-05
route_CSXMRU,1.2383146179951392e-05
route_CKGHKT,1.2309198824484326e-05
route_DELKCH,1.2236946032320306e-05
route_OOLXIY,1.2176364787110598e-05
booking_origin_Peru,1.2018955057691932e-05
route_URTXIY,1.1715070287709134e-05
route_HNDMAA,1.1635916386631521e-05
route_KHHSYD,1.1629930041886302e-05
route_HDYKIX,1.162853163992317e-05
route_ICNREP,1.1529400221617031e-05
route_BTUWUH,1.1501299360065471e-05
route_LOPPER,1.146648583075199e-05
route_MRUTPE,1.1420944550865568e-05
booking_origin_Brazil,1.1137092744946917e-05
route_PVGURT,1.1113137423406136e-05
route_LGKXIY,1.0887674205465266e-05
route_DACPUS,1.0817516985479347e-05
route_AKLMRU,1.0740744069027944e-05
route_KBRXIY,1.0668238007223735e-05
route_DELMYY,1.044605805679813e-05
route_DELSBW,1.0439742766841439e-05
route_CKGPER,1.0362400856115435e-05
route_IKAKIX,1.0251992320338404e-05
route_LOPXIY,1.0228694335292867e-05
route_CKGMAA,9.32973122919924e-06
route_IKASGN,9.07298790521743e-06
booking_origin_Guam,8.99562927208552e-06
route_ICNSDK,8.770351579895111e-06
route_MFMSYD,8.667254068739012e-06
route_CTUDMK,8.651934573810934e-06
route_HNDLOP,8.523624769436997e-06
route_HYDWUH,8.417210021233355e-06
route_CRKSYD,8.365142217052788e-06
route_SUBWUH,8.330038729934534e-06
route_LOPOOL,8.261099520671522e-06
route_CNXPUS,8.181164448587072e-06
booking_origin_Hungary,8.059059050461558e-06
booking_origin_Cyprus,7.92419383298998e-06
route_JOGPER,7.84462032909754e-06
booking_origin_South Africa,7.805630175496044e-06
route_CKGPNH,7.63327678074262e-06
route_SYDTWU,7.618122143253163e-06
booking_origin_Slovakia,7.541812156284507e-06
route_DACMRU,7.417589744780016e-06
booking_origin_Argentina,7.4075435396362025e-06
route_KTMTWU,7.3228026661011685e-06
booking_origin_Guatemala,7.28463620695589e-06
route_IKAKCH,7.272077869347915e-06
booking_origin_Solomon Islands,7.174897995140753e-06
booking_origin_Timor-Leste,7.099744932824936e-06
route_KLOSYD,7.066307025693319e-06
route_BDOXIY,7.0244468766569e-06
route_OOLTGG,6.968574141055882e-06
route_MAAWUH,6.960838087184453e-06
route_KNOKTM,6.813755359214102e-06
route_CTUKBR,6.741631680625341e-06
route_ICNMRU,6.499399796280547e-06
route_MELUTP,6.427596275155942e-06
booking_origin_Slovenia,6.4267029890818144e-06
route_CTSMEL,6.426588044009277e-06
route_DACHND,6.201703555386689e-06
route_DELREP,6.197596615354426e-06
route_KNOWUH,6.1580401020750956e-06
route_GOISYD,5.963326791056898e-06
route_MRUXIY,5.887312797304738e-06
route_HDYHGH,5.853055145732598e-06
booking_origin_Ghana,5.8382321643730465e-06
route_KWLPER,5.786232902463362e-06
route_IKALOP,5.7598998705155266e-06
route_BBIPER,5.740410065796567e-06
route_CKGTGG,5.731744196473103e-06
route_DACPEK,5.67726462454925e-06
route_HKTKTM,5.663626920250676e-06
route_DELKBR,5.58921652220668e-06
route_DELURT,5.4817424876913695e-06
booking_origin_Gibraltar,5.456691758570986e-06
route_DELSZX,5.2574562153345375e-06
route_CMBMRU,5.206412342115681e-06
route_KIXKTM,5.15193641239279e-06
route_CKGMRU,5.110900745618507e-06
route_JEDMEL,5.044603088264901e-06
route_CMBWUH,4.929986982428218e-06
route_LBUTPE,4.688249619335526e-06
route_COKCTS,4.588346638395031e-06
booking_origin_Papua New Guinea,4.572742534127396e-06
route_IKAMFM,4.561726033369908e-06
route_MELURT,4.555726516919788e-06
route_CNXXIY,4.4675211196885735e-06
route_KBRWUH,4.433140175491394e-06
route_JEDPDG,4.367735874869202e-06
booking_origin_Colombia,4.3311644387620655e-06
route_BWNIKA,4.274202083456035e-06
route_ICNVTE,4.213740412441896e-06
route_HKTIKA,4.053466519276958e-06
route_BTJJED,3.939329099753143e-06
route_PEKRGN,3.7708859249815235e-06
booking_origin_Afghanistan,3.7553051884942154e-06
route_MLEOOL,3.7168792478262274e-06
route_SGNXIY,3.7084707835762227e-06
route_TPEURT,3.701773421726001e-06
booking_origin_Tunisia,3.663266855681261e-06
route_CTUIKA,3.645253468773493e-06
route_PEKSGN,3.628881208992985e-06
route_HYDMRU,3.591437268051306e-06
route_OOLSUB,3.5608376584834405e-06
route_DELRGN,3.5055843360846888e-06
route_CEBPER,3.4844627060843203e-06
route_HKGJED,3.4722346250029207e-06
booking_origin_Egypt,3.4569954839923164e-06
booking_origin_Bulgaria,3.3384404777051696e-06
route_BDOWUH,3.2919784176642347e-06
route_KIXMRU,3.08648606136492e-06
route_AKLHGH,2.9261280726724557e-06
route_JEDMNL,2.8543261278634895e-06
route_LPQMEL,2.7570198663054836e-06
booking_origin_Bhutan,2.7117899826289324e-06
booking_origin_Nicaragua,2.678833074755286e-06
route_TPEVTE,2.6771237769750243e-06
route_ICNJED,2.6594180185421865e-06
route_AKLHND,2.6200224622703084e-06
route_CSXPER,2.6049746506649143e-06
booking_origin_Malta,2.5879067746030646e-06
booking_origin_Algeria,2.5291406738218114e-06
route_CCUMRU,2.497927690027289e-06
booking_origin_Belarus,2.4952602534944286e-06
route_IKAPUS,2.47817740914937e-06
booking_origin_Israel,2.4495294588334333e-06
route_DACHGH,2.444928508038713e-06
route_CKGLOP,2.3253780801599168e-06
route_KHHOOL,2.2931137825711136e-06
route_BOMOOL,2.287856154695865e-06
route_OOLWUH,2.259868754772739e-06
booking_origin_Panama,2.2527292509564053e-06
route_PERWUH,2.228685660075119e-06
route_KOSOOL,2.152861764060332e-06
route_DACTPE,2.0952031275651928e-06
route_MELSWA,2.089671522517263e-06
route_JEDJOG,2.08408154807398e-06
route_SYDXIY,2.0736076126060635e-06
route_PERSWA,1.950746037869735e-06
booking_origin_Paraguay,1.928254167462687e-06
route_CTUSRG,1.7795275325478156e-06
booking_origin_Svalbard & Jan Mayen,1.7303921513056192e-06
route_IKAPEK,1.7038014788367218e-06
booking_origin_Tanzania,1.6381051556509014e-06
booking_origin_Norfolk Island,1.4317950382332845e-06
route_MRUSGN,1.3894756183855277e-06
booking_origin_Croatia,1.2003022284612952e-06
booking_origin_Lebanon,1.186488525399969e-06
route_PERVTE,1.096016479692766e-06
booking_origin_Estonia,1.07264518892063e-06
route_CNXDEL,9.978219053937726e-07
booking_origin_Czechia,9.351712482639913e-07
route_HKTMRU,9.321360622853823e-07
route_SYDVTZ,8.386223441350045e-07
route_BBIOOL,7.820508158556516e-07
route_CMBCTS,6.104563256787492e-07
route_KOSMEL,5.476060698987358e-07
route_MELVTE,4.7192550944461197e-07
route_LPQOOL,4.4760949080050974e-07
route_MELWUH,4.1362146002107055e-07
route_CSXSYD,3.4348156990256123e-07
route_MELSZX,2.1065401409478457e-07
